<application>
  <component name="AppStorage">
    <histories>
      <item value="Snowflake" />
      <item value="Cylinder" />
      <item value="Coordinate" />
      <item value="annotation" />
      <item value="Scheduling" />
      <item value="Warehous" />
      <item value="Authority" />
      <item value="验证" />
      <item value="volatile" />
      <item value="var" />
      <item value="ca Crt File" />
      <item value="overhaul" />
      <item value="instance" />
      <item value="retention Policy" />
      <item value="subject" />
      <item value="tips" />
      <item value="提示" />
      <item value="tipc" />
      <item value="Platform" />
      <item value="Defined" />
      <item value="separator" />
      <item value="kept" />
      <item value="remote-tracking" />
      <item value="binary byte stream" />
      <item value="binary" />
      <item value="byte" />
      <item value="byt" />
      <item value="Execution" />
      <item value="收集垃圾" />
      <item value="垃圾" />
      <item value="interpreter" />
      <item value="Resolve" />
      <item value="Prepare" />
      <item value="Extension" />
      <item value="Initialization" />
      <item value="Abstract Control Element Strategy" />
      <item value="Visit" />
      <item value="Control Element Strategy Factory" />
      <item value="Strategy" />
      <item value="external change" />
      <item value="external" />
      <item value="Workspace associated with branch 'master' has been restored" />
      <item value="same" />
      <item value="some" />
      <item value="constant" />
      <item value="range" />
      <item value="percen" />
      <item value="percent" />
      <item value="百分比" />
      <item value="%" />
    </histories>
    <option name="languageScores">
      <map>
        <entry key="CHINESE" value="59" />
        <entry key="ENGLISH" value="60" />
        <entry key="ALBANIAN" value="1" />
        <entry key="POLISH" value="1" />
        <entry key="PORTUGUESE" value="1" />
        <entry key="SLOVAK" value="1" />
        <entry key="HINDI" value="1" />
        <entry key="VIETNAMESE" value="1" />
      </map>
    </option>
  </component>
</application>