<keymap version="1" name="Windows copy" parent="$default">
  <action id="DuplicatesForm.SendToLeft" />
  <action id="DuplicatesForm.SendToRight" />
  <action id="FileChooser.GotoHome" />
  <action id="FileChooser.GotoProject" />
  <action id="GotoBookmark1" />
  <action id="GotoBookmark2" />
  <action id="GotoNextBookmark">
    <keyboard-shortcut first-keystroke="ctrl 1" />
  </action>
  <action id="GotoPreviousBookmark">
    <keyboard-shortcut first-keystroke="ctrl 2" />
  </action>
  <action id="RecentFiles" />
  <action id="SwitcherIterateItems" />
  <action id="SwitcherRecentEditedChangedToggleCheckBox" />
  <action id="Vcs.ShowMessageHistory">
    <keyboard-shortcut first-keystroke="ctrl m" />
  </action>
</keymap>